GROUP_CLEAN	TEXT_ORI	TEXT_CLEAN1	TEXT_CLEAN2		
????????	????????????????????????????????? time stamp :12/29/2014 08:51:01 cindy.luo ?????? time stamp :12/29/2014 16:43:45 cindy.luo ??? ?????????????? time stamp :12/30/2014 09:23:52 emily.zhang ???800???????????????????????????????????? time stamp :12/31/2014 11:01:47 yuanyuan.chen	?????????????????????????????????	???? ?? ?? ???? ???? ???? ?? ???		
????????	?????????????????? time stamp :12/30/2014 16:48:29 dick.lu	??????????????????	? ??? ???? ???? ???		
???????	?????????????????????????????????????????????????????????????????????????????????????? time stamp :12/30/2014 13:25:39 jim.li	??????????????????????????????????????????????????????????????????????????????????????	??? ??? ?? ??? ?? ??? ??? ??? ?? ? ???? ??? ???? ???? ???? ?? ???		
????????	????????????? ?????????????? ???????? ?????? ??????? ???oem ???бу?? ?????? ???????? ???? time stamp :12/30/2014 17:26:57 harry.zhu	????????????? ?????????????? ???????? ?????? ??????? ???oem ???бу?? ?????? ???????? ????	??? ??? ??? ??? ? ???? ???? ?? ??? ??? ??? ??? ???? ??? oem ??? ??? ?? ???		
????????	??????? ?????????????????????????????????????????????????????????????? time stamp :12/29/2014 13:48:09 autumn.qiu ?????????? time stamp :12/30/2014 11:18:51 autumn.qiu	??????? ??????????????????????????????????????????????????????????????	???? ???? ???? ???? ???? ???? ???? ?? ???? ?? ???? ????		
????????	?????????????????03962911315?????????????? ??????????????? ???????????????????????????????????????????????????? ??????????????????????????????800?????????? time stamp :12/30/2014 11:08:12 troven.mao	?????????????????03962911315?????????????? ??????????????? ???????????????????????????????????????????????????? ??????????????????????????????800??????????	03962911315 ???? ?? ??? ??? ??? ???? ??? ?? ?? ???? ?? ???? ??? ?? ???? ?? ??? ???? ?? 800 ???? ???		
??????	???????????????????????????? time stamp :12/30/2014 12:02:17 tom.cao	????????????????????????????	????? ??? ?? ??		
???????	1064??????????????	???????????ok ?????????????????????????????????? time stamp :12/30/2014 10:50:16 alen.qian ?????????????????????????????adf????????????? time stamp :12/30/2014 17:09:37 zoro.wang	1064??????????????	???????????ok ??????????????????????????????????	1064 ??? ???? ???? ??? ???? ???? ???? ???? ?? ?? ?? ???? ?? ?? ????
????????	????????????????????????????????????????????????????????????????????????????? ?????????????????????????????????? ????????????????????????????????????? time stamp :12/30/2014 10:52:39 elma.sun ????????????? time stamp :12/30/2014 11:41:14 elma.sun	????????????????????????????????????????????????????????????????????????????? ?????????????????????????????????? ?????????????????????????????????????	??? ???? ???? ?? ??? ??? ?? ??? ?? ?? ?? ??? ??? ???? ???? ???? ?? ??? ???? ?? ??? ???? ???? ???? ?? ??? ?? ??? ???? ???? ???		
???????	????????????????? ???????? ??????? ????? ?????????????? time stamp :12/29/2014 11:06:29 rena.ren ??? ????????? ????????????? ????????????? ??????????? time stamp :12/29/2014 14:38:02 rena.ren ??? ????????????? time stamp :12/30/2014 12:24:17 rena.ren	????????????????? ???????? ??????? ????? ??????????????	???? ??????? ?? ??? ???? ?? ??? ????		
???????	1064?????????????????????????????????????????????????????????????????????????? time stamp :12/30/2014 08:55:40 cathy.huo	1064??????????????????????????????????????????????????????????????????????????	1064 ?? ???? ??? ??? ??? ???? ??? ???? ???? ?? ??? ?? ??		
????????	1157:??????????????????????????????????????ok time stamp :12/30/2014 16:03:45 cindy.gu	1157:??????????????????????????????????????ok	1157 ???? ???? ???? ???? ???? ??? ???? ???? ???? ????		
??????	?????? ??????? ??????? ????????? ??????????? ?????????? time stamp :12/29/2014 17:57:37 monica.yu ??? ???? time stamp :12/30/2014 11:01:07 monica.yu ??? ??????? ??????????????? ??????????????????? time stamp :12/30/2014 15:07:16 monica.yu ?????????????????????????????????????????????????????????????????????????????????? time stamp :12/31/2014 15:58:42 cheryl.yang	?????? ??????? ??????? ????????? ??????????? ??????????	??? ??? ??? ????? ????? ???? ???? ???? ???? ???		
??????	???????????????????????????????????????3.5???? time stamp :12/29/2014 15:37:47 autumn.qiu ?????? time stamp :12/29/2014 17:45:57 autumn.qiu ??????????3.5???????????????? time stamp :12/30/2014 09:09:29 mengna.xu ?????? time stamp :12/30/2014 13:40:16 mengna.xu	???????????????????????????????????????3.5????	??? ??? ??? ??? ??? ???? ?? ?? ??? 3.5 ????		
???????	1163????????? ???????? ??????? ???? ??????? ?????????? ??????? ???? time stamp :12/26/2014 11:30:37 dragon.zhang ??? ????? time stamp :12/29/2014 09:42:15 dragon.zhang ??? ????? time stamp :12/29/2014 15:19:22 dragon.zhang ??? ????? time stamp :12/30/2014 10:08:31 dragon.zhang	1163????????? ???????? ??????? ???? ??????? ?????????? ??????? ????	1163 ??? ???? ??? ????? ?? ???? ???? ??? ???? ???? ?? ? ????		
????????	????????????????????????????oem??????????????????????????????????????????????????????????????? time stamp :12/30/2014 10:38:58 cheryl.yang	????????????????????????????oem???????????????????????????????????????????????????????????????	???? ??????? ???? ??? oem ? ??????? ??? ????? ??? ????? ????? ?? ???? ??? ???? ????		
????????	???????????????????????????????????????????????800???????????????????????????????????????????????????????????????? ???????????? ???????????????? ????????????? ?????????????? ???????????? ?????????? ???????? ??800?????????? ??????? ????????????? ???????? ?????????????? ????????? time stamp :12/30/2014 12:12:39 rena.ren	???????????????????????????????????????????????800???????????????????????????????????????????????????????????????? ???????????? ???????????????? ????????????? ?????????????? ???????????? ?????????? ???????? ??800?????????? ??????? ????????????? ???????? ?????????????? ?????????	???? ???? ??? ?? ??? ???? ???? ???? 800 ???? ?? ?? ???? ???? ??? ???? ??????? ??? ???? ?? ?? ?? ?? ???? ?? ??? ???? ???? ???? ???? ?? ?? ???? ???? ?? ???? ? ?? ???? ???? ???? ???? ???? 800 ???? ??? ?? ??? ?? ??? ? ???? ?? ??? ?? ?? ???		
???????	????????????????????????????????????????????????????? time stamp :12/30/2014 09:29:24 tonny.yan	?????????????????????????????????????????????????????	??? ?? ?? ?? ???? ?? ?? ???		
????????	???????????????????????????????? ???????????????????????????? time stamp :12/30/2014 13:09:50 cherry.cheng	???????????????????????????????? ????????????????????????????	???? ???? ???? ???? ???? ??? ??? ???? ???? ???? ???? ????		
???????	?????????????????????????????????1108 ????????????????????? time stamp :12/30/2014 17:04:38 wizard.cai	?????????????????????????????????1108 ?????????????????????	???? ?? ????? ??? ??? ???? ??? 1108 ? ??? ??		
??????	??????? ?????????????? ?????????????? time stamp :12/30/2014 10:07:30 joy.cheng	??????? ?????????????? ??????????????	???? ??? ???? ??? ?? ????		
??????	??????10.1000??????????????????????????????????????????????????????????????????????????????????????????????????????????????? time stamp :12/30/2014 11:04:19 mas.shi	??????10.1000???????????????????????????????????????????????????????????????????????????????????????????????????????????????	??? ??? 10.1000 ??? ???? ???? ?? ? ??? ??? ??? ??? ?? ?? ???? ??? ?? ???? ???? ???? ??? ??? ???? ???		
???????	1064?????99?????????????????????????????????????????1108???? time stamp :12/25/2014 11:38:19 cathy.huo 1064??????????? time stamp :12/29/2014 08:56:39 cathy.huo 1064??????ok??????????? time stamp :12/30/2014 08:48:11 cathy.huo	1064?????99?????????????????????????????????????????1108????	1064 ??? 99 ???? ??? ??? ??? ?? ???? ???? ??? ????? ???? ???? 1108 ????		
????????	????????????????????????????????????????????????????????????? time stamp :12/30/2014 13:42:29 tom.cao	?????????????????????????????????????????????????????????????	???? ???? ?? ???? ????		
????????	1163??????????? ??????????????ip??? ????? ???? ??????? ???? ????? ???????????? time stamp :12/30/2014 17:21:45 dragon.zhang	1163??????????? ??????????????ip??? ????? ???? ??????? ???? ????? ????????????	1163 ???? ??? ???? ???? ?? ?? ????? ??? ip ??? ???? ?? ?? ?? ??? ???? ???? ?? ?? ???? ????		
????????	????????????????? ?????????? ????? ??????? 800???????? time stamp :12/30/2014 10:51:26 xiaoya.peng	????????????????? ?????????? ????? ??????? 800????????	??? ???? ???? ???? ???? ?? ?? ?? ?? ??? 800 ????		
???????	????????????????????????????????3.5????????oem??????????? time stamp :12/29/2014 14:42:17 cliff.cao ?????????????????????????????????????????ok??????????????????????????1108??????????? time stamp :12/29/2014 15:44:49 harlin.min ????????????????1108. time stamp :12/29/2014 16:37:50 cliff.cao ????????????????????? time stamp :12/29/2014 17:44:24 cliff.cao ??????????????? ???????????????????????????????????????????????????????????????? time stamp :12/30/2014 11:42:54 cliff.cao	????????????????????????????????3.5????????oem???????????	??? ???? ???? ??? ???? ??? ??? 3.5 ??? ??? oem ?? ? ????		
????????	1155:?????????????????ok??????????????????????????????ok time stamp :12/30/2014 09:14:53 vivian.lu	1155:?????????????????ok??????????????????????????????ok	1155 ???? ???? ???? ???? ?? ??? ???? ???? ???? ????		
??????	??????????? word????????? ??????? time stamp :12/30/2014 15:23:03 bill.sun	??????????? word????????? ???????	?????? ??? word ??? ???		
????????	??????????????????????????????????????????????????? ????????б└??????? time stamp :12/30/2014 11:09:02 cm.feng ??????????????????????????? time stamp :12/30/2014 12:47:56 achilles.tao	??????????????????????????????????????????????????? ????????б└???????	???? ???? ?? ??? ?? ???? ??? ?		
????????	????????????????????ews??????????????????? time stamp :12/29/2014 16:11:55 eva.xiao ????????????????????????????????????????????????? ???????????????????????????????????????????????????????????????????????????? time stamp :12/30/2014 15:38:30 eva.xiao	????????????????????ews???????????????????	????? ???? ??? ews ???? ??? ???? ????		
????????	?????????????????????????????????????????????????????800??????????????????? time stamp :12/30/2014 09:59:55 angie.zhang	?????????????????????????????????????????????????????800???????????????????	???? ??? ???? ???? ???? ???? ???? ???? 800 ????		
????????	???????????????????????????????????????	??????????????????????????????? time stamp :12/29/2014 17:06:20 jim.li ???????????? time stamp :12/30/2014 09:38:02 jim.li	???????????????????????????????????????	???????????????????????????????	???? ??? ??? ??? ???? ???? ??? ???? ??? ???
????????	???????????????????????????????????????????????????????????????? time stamp :12/30/2014 15:45:51 magic.zhang	????????????????????????????????????????????????????????????????	???? ?? ???? ???? ???? ?? ?? ???? ???? ????		
????????	?????????????????????????????????????????????????????????????????????????????????????????????????? time stamp :12/30/2014 10:26:11 tonny.yan	??????????????????????????????????????????????????????????????????????????????????????????????????	????? ???? ????? ??? ???? ???? ?? ??? ???? ???? ???? ???? ?? ???? ????		
????????	??????????????????????????????????????????????????????????????????????????????????????????????????????? time stamp :12/30/2014 15:20:59 tom.cao	???????????????????????????????????????????????????????????????????????????????????????????????????????	???? ???? ?? ??? ???? ??? ???? ?? ???? ???? ???? ???? ???? ???? ?? ???? ???		
???????	???????? time stamp :12/29/2014 17:50:38 agoni.feng ?????????? ????????????????????????? ??????????????????????????????? time stamp :12/30/2014 09:55:05 agoni.feng	????????	???? ????		
????????	?????????????????4?????????????????????????????????????????????????????????????????? time stamp :12/29/2014 16:33:15 emmett.gu ??????????? time stamp :12/30/2014 09:24:28 emmett.gu	?????????????????4??????????????????????????????????????????????????????????????????	???? ???? ???? ???? 4?? ??? ???? ?? ???? ???? ???? ???? ?? ? ?? ??? ???? ??		
????????	??????????????????? ?????????? ??????????? ??????? ????????????????? ??????????????? ??????? ???????? ??800?????? time stamp :12/30/2014 16:19:54 rena.ren ??????? ???? ???????ok time stamp :12/30/2014 17:12:21 kitty.gong	??????????????????? ?????????? ??????????? ??????? ????????????????? ??????????????? ??????? ???????? ??800??????	????? ?????? ?? ??? ??? ??? ???? ?? ?? ??? ???? ?? ???? ???? ???? ?? ???? ???? 800 ???? ???		
????????	?????????????????????????????????? time stamp :12/25/2014 10:29:55 magic.zhang ??????? ???99%???? ???3.5??????? ??????? ???бу?? ??? ???????1108????????????? time stamp :12/25/2014 11:13:28 wei.wu ??? ????????????? ?????????????? time stamp :12/26/2014 09:35:02 wei.wu ?????????? time stamp :12/29/2014 09:32:03 wei.wu 128????????????? ????????????? time stamp :12/29/2014 14:48:14 agoni.feng	??????????????????????????????????	???? ??????? ???? ?? ??? ???? ???? ???		
??????	??????????????????????????????????????????????????????????????????????????? time stamp :12/30/2014 10:50:50 ainy.shen ?????????????? time stamp :12/30/2014 17:05:58 ainy.shen	???????????????????????????????????????????????????????????????????????????	???? ??? ?? ??? ??? ???? ??? ??? ??? ??? ????		
???????	???????????????? ???????????????????????????????????????????????????????????????????????????????????????? ?????????? time stamp :12/26/2014 17:35:50 zoro.wang ???????????? time stamp :12/29/2014 10:16:24 zoro.wang ????????? ????????? time stamp :12/29/2014 13:51:12 zoro.wang ????????? ????????? time stamp :12/30/2014 09:43:29 zoro.wang	???????????????? ???????????????????????????????????????????????????????????????????????????????????????? ??????????	???? ????? ???? ???? ?? ???? ??? ??? ??? ?? ???? ???? ???? ???? ?? ??? ?? ???? ???? ???? ??? ??? ?		
????????	???????????????????????????????????????????????????????????????????????????????????800?????????????????????????????????????????????????????????????????????????????????????????????800????????????????????????????????????????? time stamp :12/30/2014 11:56:38 mas.shi ?????????????800??????????????????800?????????????????????? time stamp :12/30/2014 17:10:39 looper.li	???????????????????????????????????????????????????????????????????????????????????800?????????????????????????????????????????????????????????????????????????????????????????????800?????????????????????????????????????????	???? ??? ??? ???? ??? ???? ?? ??? ???? ???? ? ??? ??? ???? ??? ???? ?? ???? ???? ???? 800 ???? ??? ?? ? ?? ?? ??? ???? ???? ??? ???? ???? ??? ???? ??? ???? ? ???? ???? ?? ???? ??? 800 ???? ??? ?? ???		
???????	1163????????? ??????????? ???????????? ???????????? ??????? ??????ив? time stamp :12/30/2014 10:47:57 dragon.zhang	1163????????? ??????????? ???????????? ???????????? ??????? ??????ив?	1163 ??? ??? ??? ?? ?? ??? ??? ????? ???? ???? ???? ???		
????????	?????????????????????????????????????????? time stamp :12/30/2014 16:55:15 cherry.cheng	??????????????????????????????????????????	???? ???? ???? ???? ???? ???? ????? ?		
???????	1064????????????????????????????ok time stamp :12/30/2014 14:15:42 cathy.huo	1064????????????????????????????ok	1064 ??? ??? ???? ???? ??? ???		
????????	?????????????????????????????????????????????????????????????????????????????????????????????????????? time stamp :12/30/2014 14:01:24 wendy.wang1 ????????????????????????????????????????????????????? time stamp :12/30/2014 16:11:39 wendy.wang1	??????????????????????????????????????????????????????????????????????????????????????????????????????	????? ??? ???? ???? ??? ????? ??? ?? ??? ??? ??? ???? ???? ???? ???? ???? ??? ???? ??? ????		
????????	1155???????????????????????????????????????????????????????ok	???????????????????????????????????????????????????????????????????????????1108??????? time stamp :12/30/2014 13:06:02 vivian.lu ???????????????????????????????? time stamp :12/30/2014 16:34:48 vivian.lu	1155???????????????????????????????????????????????????????ok	???????????????????????????????????????????????????????????????????????????1108???????	1155 ???? ???? ???? ???? ???? ??? ???? ??? ???? ???? ???? ???? ??? ?? ??? ????? ??? ??? ???? ? ??? ??? ??? ??? ????? ??? ???? 1108 ??? ????
???????	??????????????????????????????????????ews??????????????ip??????????????? time stamp :12/30/2014 14:23:39 tonny.yan	??????????????????????????????????????ews??????????????ip???????????????	????? ??? ??? ews ??? ??? ip ??? ???		
??????	?????????????????????????????????????????????1108????????? time stamp :12/30/2014 11:15:26 wizard.cai	?????????????????????????????????????????????1108?????????	??? ???? ? ?? ??? ???? ????? ??? ????? ???? ?? 1108		
????????	????????????????????????? ???????????? ?????????pdf????? ??????????? time stamp :12/30/2014 12:46:41 rena.ren	????????????????????????? ???????????? ?????????pdf????? ???????????	???? ???? ? ?? ??? ???? ???? ?? ??? ???? ???? ??? pdf ?? ???? ?? ???		
??????	??????????????????????????????????????????????????? time stamp :12/30/2014 10:08:47 wook.zhang	???????????????????????????????????????????????????	??? ??? ???? ???? ?? ??? ?? ???? ??? ????? ???? ???		
???????	?????????????????????????????????800?????? time stamp :12/23/2014 17:36:28 angela.gu ???????????????????????????????????????????????????????????????????? time stamp :12/26/2014 12:55:34 angela.gu ?????????? time stamp :12/29/2014 15:00:43 angela.gu ?????????????????????????????????????????????????????????????????????????????????? time stamp :12/30/2014 10:06:28 angela.gu	?????????????????????????????????800??????	???? ???? ???? ??? ???? ???? ???? 800 ???? ???		
????????	??????????????????????????????????????????????????????????????????????????????? time stamp :12/30/2014 11:29:10 ainy.shen	???????????????????????????????????????????????????????????????????????????????	???? ?? ??? ???? ???? ???? ???? ?? ??? ??? ??? ???? ???? ???? ???? ???		
????????	???????????????? time stamp :12/30/2014 13:39:22 windy.zhuang ???????????????????????????????????????????????????????????????????800??????????????????????????????????????????????????????????????? time stamp :12/30/2014 14:41:26 eva.xiao	????????????????	???? ??? ????		
????????	1157????????????????????????????????????????????ok?????????????????????????????????????????????????????????????????????????????????????????????? time stamp :12/30/2014 15:25:13 cindy.gu	1157????????????????????????????????????????????ok??????????????????????????????????????????????????????????????????????????????????????????????	1157 ???? ?? ?? ??? ???? ???? ???? ??? ???? ???? ???? ??? ???? ???? ?? ??? ?? ??? ?? ???? ??? ?? ?? ?? ??? ? ???		
????????	??????????????????????????????????????????????????????????????????????? time stamp :12/30/2014 17:17:39 harlin.min	???????????????????????????????????????????????????????????????????????	???? ???? ??? ??? ??? ???? ?? ????? ?? ??? ???		
????????	?????????????????????????????????????????4??????????????????????????? time stamp :12/30/2014 10:45:27 tom.cao ??????????????????????????????????? ???????????????????????????????????????????? time stamp :12/30/2014 13:19:09 cathy.wang ????????????????????????????????????? time stamp :12/31/2014 10:59:25 cathy.wang	?????????????????????????????????????????4???????????????????????????	???? ?? ??? ???? ?? ??? ???? ???? ???? 4?? ???? ???? ??? ???? ??? ????		
????????	??????????????????????????????? time stamp :12/30/2014 14:51:14 dick.lu	???????????????????????????????	???? ???? ???? ??? ????		
???????	???????????????????????3.5????????????????????????????1108???? time stamp :12/29/2014 10:54:10 judy.zhu ???????? time stamp :12/29/2014 16:36:40 judy.zhu ???? time stamp :12/30/2014 09:01:50 judy.zhu ???? time stamp :12/30/2014 16:44:16 judy.zhu	???????????????????????3.5????????????????????????????1108????	???? ????? ??? ???? 3.5 ??? ??? ????? ??? ??? 1108 ????		
????????	?????????????? ?????????????????????????????????????????ok time stamp :12/30/2014 13:48:53 harlin.min	?????????????? ?????????????????????????????????????????ok	???? ??? ???? ???? ???? ??? ???? ???? ????		
????????	??????????? ?????????????????? time stamp :12/30/2014 09:26:13 cathy.wang ?????????? time stamp :12/30/2014 17:32:23 cathy.wang	??????????? ??????????????????	??? ???? ??? ?? ?????		
????????	?????????????????????????????????????????????????????????????????????????????????????????????????????????????? ????????? time stamp :12/30/2014 15:03:03 aimee.tang	?????????????????????????????????????????????????????????????????????????????????????????????????????????????? ?????????	??? ?? ?? ?? ??? ???? ???? ???? ???? ? ??? ??? ???? ???? ???? ???? ???? ??? ???? ???? ?? ? ???? ????		
??????	??????????????????????????????????????????????????????????????????????????????????????????????????? time stamp :12/30/2014 11:09:22 wendy.wang1	???????????????????????????????????????????????????????????????????????????????????????????????????	????? ??? ??? ????? ??? ??? ??? ??? ??? ??? ??? ???? ??? ??? ??? ??? ???? ??		
????????	??????????????????????????????????????????????????????????????800???????????? time stamp :12/30/2014 11:26:18 angie.zhang	??????????????????????????????????????????????????????????????800????????????	???? ???? ??? ???? ???? ???? ???? ???? ???? 800 ????		
????????	??????????????????????????? time stamp :12/30/2014 11:36:25 dick.lu	???????????????????????????	???? ???? ???? ??? ????		
????????	???????????????????????????????????? ??????ио????????? ????????????? time stamp :12/30/2014 15:22:26 elma.sun	???????????????????????????????????? ??????ио????????? ?????????????	??? ??? ???? ???? ???? ???? ?? ???? ??? ????		
????????	??????????????????ok time stamp :12/30/2014 12:41:39 kim.yuan	??????????????????ok	?? ??? ???? ???? ???? ???		
????????	??????? ?????????? ?????????? ??? ??????? ??????? time stamp :12/29/2014 16:38:46 xiaoya.peng ?????????? time stamp :12/30/2014 09:23:30 xiaoya.peng ???????? time stamp :12/30/2014 12:09:48 xiaoya.peng ????????? time stamp :12/30/2014 14:36:30 xiaoya.peng	??????? ?????????? ?????????? ??? ??????? ???????	??? ? ???? ???? ???? ???? ??? ? ????		
??????	???????????????????????????????????????бу???????? time stamp :12/29/2014 15:44:08 mas.shi ??????????? time stamp :12/29/2014 17:25:41 mas.shi ??????????????????????????????????????????????????????????????????????????и▓??????????0?????????????????????????????????????? time stamp :12/30/2014 10:02:49 tommy.zheng ????????????????? ????????????? ??????????? ????? ????????????????????1108??????????????????????????????????? time stamp :12/30/2014 11:19:27 zoro.wang	???????????????????????????????????????бу????????	??? ??? ??? ????? ??? ??? ???? ???? ??? ????		
????????	??????????????????????????????????????? time stamp :12/30/2014 13:36:37 jim.li	???????????????????????????????????????	???? ??? ??? ??? ???? ????		
??????	??????????????????????????????????????????????????????????????????????????????????????????? time stamp :12/30/2014 16:09:08 elma.sun	???????????????????????????????????????????????????????????????????????????????????????????	??? ??? ??? ???? ?? ????? ??? ??? ????? ??? ?? ????? ??? ???? ???? ??? ????? ???		
????????	????????????????????????????????????????????????????ok time stamp :12/30/2014 12:22:38 cm.feng	????????????????????????????????????????????????????ok	?? ? ?? ???? ??? ???? ?? ???? ?? ??		
????????	????????????????????????ok time stamp :12/30/2014 14:09:23 wook.zhang	????????????????????????ok	??? ???? ??? ?? ???		
???????	???????????????????????????????????????????????? time stamp :12/30/2014 14:19:54 dick.lu	????????????????????????????????????????????????	???? ? ?? ???? ???? ??? ?? ?? ???		
??????	????????????????????????????????????????????????????????????????????????????????????????? time stamp :12/29/2014 13:37:58 eirsen.zha ?????????? time stamp :12/29/2014 15:54:58 eirsen.zha ??????????????????????????????????????????????????????????? time stamp :12/30/2014 13:38:04 eirsen.zha	?????????????????????????????????????????????????????????????????????????????????????????	??? ??? ????? ??? ??? ???? ? ??? ???? ? ??? ??? ???? ? ??? ?? ? ????		
???????	?????????????????????????????????????????????????????????? time stamp :12/30/2014 16:02:39 kim.yuan	??????????????????????????????????????????????????????????	???? ???? ??? ??? ???? ???? ??? ???? ? ?? ?? ??? ????		
???????	??????????????????????????????? time stamp :12/30/2014 10:50:02 luna.shi	???????????????????????????????	??? ?? ??? ?? ?? ??? ??? ??? ????		
???????	????????????????????????????????????????????????net3.5??????????????????и┤?????? time stamp :12/29/2014 13:06:52 angela.gu ???????????????????? time stamp :12/30/2014 16:12:20 angela.gu	????????????????????????????????????????????????net 3.5??????????????????и┤??????	???? ???? ???? ??? ???? ???? ???? ??? ? ??? ??? ??? net 3.5 ???? ???? ??? ???? ????		
??????	?????????????????????????????????????????и▓??????????????????????????????????????? time stamp :12/30/2014 11:30:33 tommy.zheng	?????????????????????????????????????????и▓???????????????????????????????????????	??? ??? ??????? ??? ????? ?? ? ??? ??? ??? ??? ???? ???		
??????	??????????????????????????? time stamp :12/23/2014 16:18:26 harlin.min ??????????? time stamp :12/25/2014 09:06:15 harlin.min	???????????????????????????	??? ???? ???? ????		
???????	?????????????????????????????????? ??????????????? time stamp :12/26/2014 15:31:43 cindy.luo ?????????? time stamp :12/29/2014 09:07:57 cindy.luo ?????? time stamp :12/29/2014 16:45:31 cindy.luo ??? ????? time stamp :12/30/2014 09:25:51 emily.zhang	?????????????????????????????????? ???????????????	???? ??????? ?? ? ???? ???? ???? ???? ????		
??????	?????????????????????????????????????????????????????net3.5????????????????????????????????????????????? time stamp :12/30/2014 16:27:27 angela.gu	?????????????????????????????????????????????????????net 3.5?????????????????????????????????????????????	???? ??? ???? ??? ?? ???? ??? ??? ????? ??? net 3.5 ??? ?? ???? ? ???? ? ???? ??		
???????	????????????????? ????????hpscan??? time stamp :12/30/2014 10:39:19 rena.ren	????????????????? ????????hpscan???	?? ??? ?? hpscan ???		
???????	????????????????????????????????????????????????????????pclms???????????????????????????????? time stamp :12/30/2014 09:42:14 kim.yuan	????????????????????????????????????????????????????????pclms????????????????????????????????	????? ???? ????? ?? ???? ?? ???? ?? ?? ?? ?? pclms ???? ?? ?? ??? ???		
????????	?????????????????????????????????????????800?????????????????????800????????????????????????????????????????????????????????800????????????????????201409013????????????????????????????????? time stamp :12/30/2014 13:53:30 eva.xiao	?????????????????????????????????????????800?????????????????????800????????????????????????????????????????????????????????800????????????????????201409013?????????????????????????????????	????? ??? ???? ???? ???? ???? 800 ???? ???? ?? ?? 800 ???? ??? ??? ?? ???? ???? ??? ?? ?? ??? ??? ???? ???? 800 ???? ??? ??? ??? ???? ??? 201409013 ??? ???? ???? ????		
??????	???????????????????????? time stamp :12/26/2014 10:12:26 tommy.zheng ???????????? time stamp :12/26/2014 13:10:42 tommy.zheng ???????????? time stamp :12/30/2014 09:15:51 tommy.zheng ???????????? time stamp :12/30/2014 12:02:53 tommy.zheng	????????????????????????	??? ??? ??? ?? ? ????		
????????	????????????????????????????????????????????????????????????????????800???????????????? ??????? ??????????????????? ?????? ??????????? ok ????????? time stamp :12/30/2014 14:30:42 windy.zhuang	????????????????????????????????????????????????????????????????????800???????????????? ??????? ??????????????????? ?????? ??????????? ok ?????????	???? ??? ??? ??? ???? ???? ? ??? ??? ???? ??? ???? ?? ???? ???? ???? 800 ???? ??? ???? ???? ?? ??? ??? ???? ??? ???		
????????	??????????????? ?????????????? ???????????? time stamp :12/30/2014 12:55:11 xiaoya.peng	??????????????? ?????????????? ????????????	?? ?? ????? ?? ?????? ??		
??????	???????????? ??????? ?????? ?????? ??????????? ?????? ??usb??? ????????? ???????? ???? ?????????????? ??????? time stamp :12/29/2014 16:01:03 rena.ren ????????????????? ??? ?????????? time stamp :12/30/2014 16:28:12 rena.ren	???????????? ??????? ?????? ?????? ??????????? ?????? ??usb??? ????????? ???????? ???? ?????????????? ???????	??? ??? ??? ??? ??? ??? ??? ???? ? ??? ??? ?? usb ??? ??? ??? ??? ?? ??? ???? ? ??? ?? ? ????		
???????	??????? ?????? ?????????????????????? ????????????? ????readiris14 time stamp :12/29/2014 14:47:01 monica.yu ??? ???? ??????????????и┤?????? ?????????????? ????????????? time stamp :12/30/2014 11:04:28 monica.yu	??????? ?????? ?????????????????????? ????????????? ????readiris14	??? ???? ??? ?? ?? ? ??? ??? ? ?? ? ?? ???? readiris 14		
????????	?????????????????????????????oem???????????????? time stamp :12/25/2014 15:05:47 sing.yuan ?????????????????????????????????????????? time stamp :12/25/2014 16:13:52 sing.yuan ????????????????? time stamp :12/29/2014 13:08:55 angie.zhang	?????????????????????????????oem????????????????	??? ??? ??? ???? ? oem ??? ???? ??? ???		
????????	?????????????????????????????800???????? time stamp :12/30/2014 09:02:21 mengna.xu	?????????????????????????????800????????	???? ???? ???? ??? ???? ???? ???? 800 ???? ???		
???????	???????????????????????????????????????????ио??????????? time stamp :12/30/2014 10:16:12 magic.zhang	???????????????????????????????????????????ио???????????	??? ??? ?? ??? ??? ??? ???? ???? ? ?? ???? ??		
????????	1157?????3?????????? time stamp :12/30/2014 17:28:59 cindy.gu	1157?????3??????????	1157 3?? ?? ??		
???????	1157???????????????2?????????????????????????????????????ok time stamp :12/30/2014 12:50:55 cindy.gu	1157???????????????2?????????????????????????????????????ok	1157 ???? ???? 2? ???? ??? ????? ???? ??? ?? ???? ???		
????????	????????????????????????????????????? time stamp :12/24/2014 13:50:57 serena.zhao1 ??????????????????????? ???????????? ???????????? ????????????????? ????????????? time stamp :12/30/2014 15:27:27 joy.cheng ???????????? ???????? ?? ??? time stamp :12/30/2014 17:13:31 joy.cheng	?????????????????????????????????????	??? ???? ???? ???? ???? ??? ???? ???? ???		
???????	??????????????????????????????ok time stamp :12/30/2014 11:46:29 wook.zhang	??????????????????????????????ok	?? ??? ???? ???? ??? ??? ???? ???		
??????	?????? ????????? ??????? ???????????? ???????????????? ???????????? ??????????? ???? ??? ??????? ??? ???????1108????????? time stamp :12/26/2014 16:47:30 wei.wu ??? ?????????? ?????? time stamp :12/27/2014 09:35:26 wei.wu ???????? time stamp :12/29/2014 15:10:05 wei.wu ?????????? ????????????????1108??????????? ??????????????????????????????????????????? time stamp :12/30/2014 10:38:56 cindy.gu	?????? ????????? ??????? ???????????? ???????????????? ???????????? ??????????? ???? ??? ??????? ??? ???????1108?????????	??? ? ?? ????? ??? ??? ? ???? ?? ???? ??? ???? ???? ?? ??? ??? ???? ? ??? ? ??? ??? ??? ????? ??? ??? 1108 ?????		
????????	????????????????????????????????????800???????? time stamp :12/30/2014 13:33:22 jeff.xu	????????????????????????????????????800????????	???? ???? ?? ?? ?? ???? 800 ???? ???		
????????	?????? ????? ????? ???? ???? time stamp :12/30/2014 15:32:36 bill.sun ??????? time stamp :12/30/2014 17:10:21 bill.sun	?????? ????? ????? ???? ????	???? ?? ??? ???? ? ?? ??		
??????	????????? ???????????????????????????????????????? time stamp :12/30/2014 09:35:31 wendy.lu ?????? ?????????????word ???????????? time stamp :12/30/2014 16:09:43 wendy.lu	????????? ????????????????????????????????????????	??? ??? ???? ??? ??? ???? ??? ??? ??? ?? ? ???? ????		
???????	???????????????????????????????????????????????? time stamp :12/24/2014 17:03:33 eirsen.zha ????????????????????????????????????????? time stamp :12/30/2014 09:52:54 eirsen.zha	????????????????????????????????????????????????	???? ??????? ?? ??? ?? ? ???? ?? ????		
????????	???????? ??и┤????? ??????????????????? ???????? ???ио???? ??????????????????? ??????? ??800??????????? time stamp :12/30/2014 13:04:37 joy.cheng	???????? ??и┤????? ??????????????????? ???????? ???ио???? ??????????????????? ??????? ??800???????????	??? ???? ???? ??? ???? ???? ???? ???? ??? ??? ???? ?? ???? ?? ??? ???? ??? ???? ??? ???? ??? ???? 800 ???? ???		
???????	????????????????? ?????? ?????????? ?????????? ?????????????? ????????word????????? ????? 800??????? ????????????????????? time stamp :12/30/2014 14:34:16 harry.zhu	????????????????? ?????? ?????????? ?????????? ?????????????? ????????word????????? ????? 800??????? ?????????????????????	??? ???? ??? ?? ?? ??? ???? ??? ??? ??? ?? ??? ?? ?? ?? word ??? ?? ?? ??? 800 ??? ?? ?? ??		
????????	??????????????????????????????????????????????????????????????????????????????????????????????? time stamp :12/30/2014 11:43:09 bonnie.shi ??????????????????????????????????????????????? time stamp :12/30/2014 16:10:57 bonnie.shi	???????????????????????????????????????????????????????????????????????????????????????????????	???? ???? ??? ???? ???? ???? ???? ?? ???? ??? ?? ?? ??? ??? ??? ???? ???? ???? ???? ???? ???? ?? ????		
????????	????????????????????????? time stamp :12/30/2014 15:08:09 elma.sun	?????????????????????????	??? ???? ????		
???????	????????????????net3.5?????1108??????????? time stamp :12/30/2014 12:37:36 vivian.lu ??????????????????????????????? time stamp :12/30/2014 13:54:22 vivian.lu	????????????????net 3.5?????1108???????????	???? ??????? ???? net 3.5 ???? 1108 ??? ????		
????????	?????????????????????????????????? time stamp :12/30/2014 15:03:14 cliff.cao	??????????????????????????????????	???? ???? ? ???? ??? ????		
????????	??????????????????????????????????????????????????? time stamp :12/29/2014 10:27:14 angie.zhang ?????????? time stamp :12/29/2014 14:30:58 angie.zhang ??????????????????????????? time stamp :12/30/2014 16:50:02 angie.zhang	???????????????????????????????????????????????????	??? ??? ?? ??? ?? ?? ??		
????????	???????????????????????????? ?????????????????800????ok time stamp :12/30/2014 09:50:36 elma.sun	???????????????????????????? ?????????????????800????ok	?? ???? ???? ???? ???? ???? 800 ????		
